Company Name,Location,Description,Batch,Company URL,Website,Founder Details
Notable Labs,"Foster City, CA, USA",Personalized drug discovery for blood cancer.,W15,https://ycombinator.com/companies/notable-labs,http://notablelabs.com,"[{""name"":""Matthew De Silva"",""role"":""CEO  "",""biography"":null,""twitter"":""https://twitter.com/MDe_Silva"",""linkedin"":""https://www.linkedin.com/in/matthewdesilva/""},{""name"":""Matthew De Silva"",""role"":""CEO  "",""biography"":null,""twitter"":""https://twitter.com/MDe_Silva"",""linkedin"":""https://www.linkedin.com/in/matthewdesilva/""}]"
Pardes Biosciences,"San Francisco, CA, USA",We break viruses,S20,https://ycombinator.com/companies/pardes-bio,http://www.pardesbio.com,"[{""name"":""Uri Lopatin"",""role"":""CEO"",""biography"":""Co-founder and the Chief Medical Officer of Assembly Pharma (2012) and CMO/VP R&D for Assembly Biosciences (f\\k\\a Ventrus Bioscience), which reverse merged with Assembly Pharma in 2014. He helped ASMB raise > $300M to move 2 generations of novel HBV meds into Ph 1 and Ph 2 clinical studies. Uri has held roles at Schering Plough, Roche, and Gilead Science, and received medical training at UMDNJ, NYU and the NIH. Uri was a visiting partner at YC before he started Pardes to cure COVID-19"",""twitter"":null,""linkedin"":""https://linkedin.com/in/urilopatin""}]"
Oklo,"Santa Clara, CA, USA","Emission free, always on power from advanced fission power plants.",S14,https://ycombinator.com/companies/oklo,http://oklo.com,"[{""name"":""Jacob DeWitte"",""role"":""CEO"",""biography"":"""",""twitter"":null,""linkedin"":""http://linkedin.com/in/jacob-dewitte-90062132""},{""name"":""Caroline Cochran"",""role"":""Caroline Cochran"",""biography"":""Caroline Cochran is the Co-Founder and Chief Operating Officer of Oklo Inc., a company developing advanced fission cleantech for cleaner air and human development. She was one of the youngest recipients of the University of Oklahoma Regent's Alumni Award. Caroline received her S.M. in Nuclear Engineering from MIT, a B.A. in Economics and a B.S. in Mechanical Engineering from the University of Oklahoma."",""twitter"":""https://www.twitter.com/caorilne"",""linkedin"":""https://www.linkedin.com/in/caorilne""}]"
Lucira Health,"Emeryville, CA, USA",Next generation infectious disease test kits,W15,https://ycombinator.com/companies/lucira-health,https://www.lucirahealth.com/,"[{""name"":""Debkishore Mitra"",""role"":""Founder "",""biography"":null,""twitter"":null,""linkedin"":""http://www.linkedin.com/in/debkishoremitra""},{""name"":""Debkishore Mitra"",""role"":""Founder "",""biography"":null,""twitter"":null,""linkedin"":""http://www.linkedin.com/in/debkishoremitra""}]"
Casetext,"San Francisco, CA, USA",We make the world's laws free and understandable.,S13,https://ycombinator.com/companies/casetext,http://casetext.com,"[{""name"":""Jake Heller"",""role"":""CEO "",""biography"":null,""twitter"":null,""linkedin"":""https://www.linkedin.com/in/jakeheller/""},{""name"":""Jake Heller"",""role"":""CEO "",""biography"":null,""twitter"":null,""linkedin"":""https://www.linkedin.com/in/jakeheller/""}]"
Caper,"",Plug-and-play cashier-less retail powered by computer vision and AI,W16,https://ycombinator.com/companies/caper,https://www.caper.ai/,"[{""name"":""Lindon Gao"",""role"":""CEO "",""biography"":null,""twitter"":null,""linkedin"":""https://www.linkedin.com/in/lindon-gao/""},{""name"":""Lindon Gao"",""role"":""CEO "",""biography"":null,""twitter"":null,""linkedin"":""https://www.linkedin.com/in/lindon-gao/""}]"
Bear Flag Robotics,"Newark, CA, USA",Autonomous driving technology for farm tractors.,W18,https://ycombinator.com/companies/bear-flag-robotics,http://bearflagrobotics.com/,"[{""name"":""Igino Cafiero"",""role"":""CEO "",""biography"":null,""twitter"":null,""linkedin"":""https://www.linkedin.com/in/igino-cafiero-43b213b0""},{""name"":""Igino Cafiero"",""role"":""CEO "",""biography"":null,""twitter"":null,""linkedin"":""https://www.linkedin.com/in/igino-cafiero-43b213b0""}]"
Modern Fertility,"San Francisco, CA, USA",At-home fertility test for women who aren't ready for kids right now…,S17,https://ycombinator.com/companies/modern-fertility,https://www.modernfertility.com,"[{""name"":""Afton Vechery"",""role"":""CEO "",""biography"":null,""twitter"":null,""linkedin"":""https://www.linkedin.com/in/aftonv/""},{""name"":""Afton Vechery"",""role"":""CEO "",""biography"":null,""twitter"":null,""linkedin"":""https://www.linkedin.com/in/aftonv/""}]"
Cognito,"Palo Alto, CA, USA","Frictionless, modern identity verification that starts with just a…",S14,https://ycombinator.com/companies/cognito,https://cognitohq.com,"[{""name"":""Alain Meier"",""role"":""CEO"",""biography"":"""",""twitter"":""https://twitter.com/alain"",""linkedin"":""https://www.linkedin.com/in/alainmeier/""},{""name"":""John Backus"",""role"":""CTO"",""biography"":""CTO and Founder @ Cognito (Acquired by Plaid in 2022)"",""twitter"":""https://twitter.com/backus"",""linkedin"":null},{""name"":""Christopher Morton"",""role"":""President and COO"",""biography"":"""",""twitter"":null,""linkedin"":""https://linkedin.com/in/mortonch""}]"
OMGPop,"New York, NY, USA",An independent flash game studio.,S06,https://ycombinator.com/companies/omgpop,https://omgpop.com,"[{""name"":""Charles Forman"",""role"":""Charles Forman"",""biography"":""Charles Forman is the co-founder of Storyboarder. With a background in computer science and design, Charles is passionate about building great product experiences that make the world a more enjoyable place. Prior to co-founding Storyboarder, Charles was the founder of OMGPOP (YCS06), a gaming startup that gained international recognition for its popular game \""Draw Something\"". OMGPOP attracted millions of users and was ultimately acquired by Zynga for $210 million."",""twitter"":""https://twitter.com/charlesforman"",""linkedin"":""https://www.linkedin.com/in/iminlikewithyou/""}]"
Proxy,"San Francisco, CA, USA",Smart ring digital wallet,S16,https://ycombinator.com/companies/proxy,https://proxy.com,"[{""name"":""Denis Mars"",""role"":""CEO"",""biography"":"""",""twitter"":""https://twitter.com/denismars"",""linkedin"":""https://www.linkedin.com/in/denismars""},{""name"":""Simon Ratner"",""role"":""CTO"",""biography"":""YC Badge: 0xe4bad42969186ecba2eb7e70ef0ba8b8b7f7a82f"",""twitter"":""https://twitter.com/simonratner"",""linkedin"":""https://www.linkedin.com/in/simonratner""}]"
ShipBob,"Chicago, IL, USA",Providing Amazon level logistics to e-commerce businesses.,S14,https://ycombinator.com/companies/shipbob,http://shipbob.com,"[{""name"":""Divey Gulati"",""role"":""Founder "",""biography"":null,""twitter"":null,""linkedin"":""https://www.linkedin.com/in/divey-gulati-90299414""},{""name"":""Divey Gulati"",""role"":""Founder "",""biography"":null,""twitter"":null,""linkedin"":""https://www.linkedin.com/in/divey-gulati-90299414""}]"
Mio,"Austin, TX, USA",Mio powers seamless communication between workplace chat apps.,W16,https://ycombinator.com/companies/mio,http://m.io,"[{""name"":""Tom Hadfield"",""role"":""CEO"",""biography"":""Tom Hadfield is a British entrepreneur whose first company, Soccernet.com, was sold to ESPN for $40 million when he was 17 years old. Today, Tom is the CEO of Mio, an enterprise messaging startup based in Austin, Texas backed by Y Combinator, Khosla Ventures and Capital Factory. Tom graduated from Harvard University in 2008 and he is a board member at Heifer International, a charity working to end hunger and poverty around the world."",""twitter"":""http://twitter.com/tomhadfield"",""linkedin"":""http://www.linkedin.com/in/hadfieldtom/""},{""name"":""James Cundle"",""role"":""CTO"",""biography"":""Security first engineer with multi-stack and devops experience applied to multiple verticals over the last 20+ years.  Excellent track record of delivering projects for creative business thinkers. Big picture awareness, rapid prototype and forward thinker in fast moving, small team environments. Solid lead in delivering SOC2 Type I and II compliance in a start up environment."",""twitter"":""https://twitter.com/jamescundle"",""linkedin"":""https://www.linkedin.com/in/jamescundle/""}]"
MagicBus,"Los Angeles, CA, USA",We make vanpool simple.,W16,https://ycombinator.com/companies/magicbus,http://www.magicbus.io,"[{""name"":""Jason Kraft"",""role"":""CTO "",""biography"":null,""twitter"":null,""linkedin"":""https://linkedin.com/in/jasonjkraft""},{""name"":""Jason Kraft"",""role"":""CTO "",""biography"":null,""twitter"":null,""linkedin"":""https://linkedin.com/in/jasonjkraft""}]"
iSono Health,"San Francisco, CA, USA",AI-powered platform for Accessible and Personalized Breast Health…,W16,https://ycombinator.com/companies/isono-health,http://www.isonohealth.com,"[{""name"":""Shadi Saberi"",""role"":""CTO "",""biography"":null,""twitter"":null,""linkedin"":""http://www.linkedin.com/in/ssaberig""},{""name"":""Shadi Saberi"",""role"":""CTO "",""biography"":null,""twitter"":null,""linkedin"":""http://www.linkedin.com/in/ssaberig""}]"
Stealth Worker,"Menlo Park, CA, USA","Information Security (Cyber Security), Compliance and Privacy (GDPR &…",W16,https://ycombinator.com/companies/stealth-worker,https://www.stealthworker.com,"[{""name"":""Ken Baylor"",""role"":""Founder "",""biography"":null,""twitter"":null,""linkedin"":""https://www.linkedin.com/in/kenbaylor""},{""name"":""Ken Baylor"",""role"":""Founder "",""biography"":null,""twitter"":null,""linkedin"":""https://www.linkedin.com/in/kenbaylor""}]"
SOUNDBOKS,"Copenhagen, Denmark",We're creating the loudest battery-driven speaker on the market,W16,https://ycombinator.com/companies/soundboks,http://soundboks.com,"[{""name"":""Jesper Theil Thomsen"",""role"":""CEO"",""biography"":""I'm the CEO & co-founder of SOUNDBOKS. \n\nI'm based in Copenhagen."",""twitter"":null,""linkedin"":""https://www.linkedin.com/profile/view?id=AAIAABVMXEgBw5e16NKx-jQOYprAiCu8I34aBw8&trk=nav_responsive_tab_profile_pic""},{""name"":""Christoffer Nyvold"",""role"":""COO"",""biography"":"""",""twitter"":null,""linkedin"":""https://dk.linkedin.com/pub/christoffer-nyvold/101/84a/b38""}]"
Flirtey (SkyDrop),"Reno, NV, USA",Flirtey is the world’s first commercial drone delivery service and…,S15,https://ycombinator.com/companies/flirtey,https://www.flirtey.com/,"[{""name"":""Matthew Sweeny"",""role"":""CEO "",""biography"":null,""twitter"":null,""linkedin"":""https://www.linkedin.com/in/matthew-sweeny-732b70127""},{""name"":""Matthew Sweeny"",""role"":""CEO "",""biography"":null,""twitter"":null,""linkedin"":""https://www.linkedin.com/in/matthew-sweeny-732b70127""}]"
Cofactor Genomics,"St. Louis, MO, USA",Cofactor closes the precision medicine gap with predictive diagnostics,S15,https://ycombinator.com/companies/cofactor-genomics,http://cofactorgenomics.com,"[{""name"":""Dave Messina"",""role"":""COO"",""biography"":""Dave Messina has spent the last 20 years in computational biology and human genetics. He contributed to the Human Genome Project at Washington University in Saint Louis, mapped disease genes at the University of Chicago, and co-developed the first comprehensive atlas of human transcription factor genes. As COO of Cofactor Genomics, Dave leads regulatory and reimbursement efforts for the company, driving the implementation of RNA-based diagnostics and their clinical application."",""twitter"":""https://twitter.com/davemessina"",""linkedin"":""http://linkedin.com/in/davemessina""},{""name"":""Jarret Glasscock"",""role"":""CTO"",""biography"":"""",""twitter"":null,""linkedin"":""https://www.linkedin.com/in/jarretglasscock""}]"
Click & Grow,"Palo Alto, CA, USA",Click & Grow makes indoor urban gardens and farms that take complete…,S15,https://ycombinator.com/companies/click-and-grow,https://www.clickandgrow.com/,"[{""name"":""Mattias Lepp"",""role"":""Founder "",""biography"":null,""twitter"":null,""linkedin"":""https://ee.linkedin.com/pub/mattias-lepp/17/ab4/413""},{""name"":""Mattias Lepp"",""role"":""Founder "",""biography"":null,""twitter"":null,""linkedin"":""https://ee.linkedin.com/pub/mattias-lepp/17/ab4/413""}]"
The Ticket Fairy,"Los Angeles, CA, USA",Revenue generation for live events,S15,https://ycombinator.com/companies/the-ticket-fairy,https://www.ticketfairy.com/,"[{""name"":""Ritesh Patel"",""role"":""CEO"",""biography"":""CEO, The Ticket Fairy. Engineer and event producer."",""twitter"":""https://twitter.com/ritlocus"",""linkedin"":""http://www.linkedin.com/in/riteshdpatel""},{""name"":""Jigar Patel"",""role"":""COO"",""biography"":"""",""twitter"":null,""linkedin"":""http://www.linkedin.com/in/desinex""}]"
HER,"San Francisco, CA, USA","HER helps lesbian, bisexual and queer people meet each other",S15,https://ycombinator.com/companies/her,http://weareher.com,"[{""name"":""Robyn Exton"",""role"":""CEO "",""biography"":null,""twitter"":null,""linkedin"":""https://www.linkedin.com/in/robynexton""},{""name"":""Robyn Exton"",""role"":""CEO "",""biography"":null,""twitter"":null,""linkedin"":""https://www.linkedin.com/in/robynexton""}]"
Font Awesome,"Bentonville, AR, USA",Icons and social logos for your website.,S15,https://ycombinator.com/companies/font-awesome,http://fontawesome.com,"[{""name"":""Dave Gandy"",""role"":""CEO"",""biography"":""I make Font Awesome and other things. YC S15, MIT Course 2, MO, MA alum. Journey before pancakes."",""twitter"":""http://twitter.com/davegandy"",""linkedin"":""https://linkedin.com/in/davegandy""},{""name"":""Travis Chase"",""role"":""Travis Chase"",""biography"":"""",""twitter"":""http://www.twitter.com/supercodepoet"",""linkedin"":""http://www.linkedin.com/in/supercodepoet""}]"
"80,000 Hours","London, England, United Kingdom",An online guide that tells talented graduates how to maximise the…,S15,https://ycombinator.com/companies/80-000-hours,http://80000hours.org,"[{""name"":""Benjamin Todd"",""role"":""CEO "",""biography"":null,""twitter"":null,""linkedin"":""https://uk.linkedin.com/pub/benjamin-todd/63/66b/b58/""},{""name"":""Benjamin Todd"",""role"":""CEO "",""biography"":null,""twitter"":null,""linkedin"":""https://uk.linkedin.com/pub/benjamin-todd/63/66b/b58/""}]"
Shred Video,"San Francisco, CA, USA",Shred Video builds automated video & photo systems that allow…,S15,https://ycombinator.com/companies/shred-video,https://shredvideo.com,"[{""name"":""Mike Allen"",""role"":""CEO "",""biography"":null,""twitter"":null,""linkedin"":""www.linkedin.com/pub/michael-allen/7/511/9a1/en""},{""name"":""Mike Allen"",""role"":""CEO "",""biography"":null,""twitter"":null,""linkedin"":""www.linkedin.com/pub/michael-allen/7/511/9a1/en""}]"
Shape (ShapeScale),"San Francisco, CA, USA",ShapeScale is a personal 3D scanner and fitness tracker that…,S15,https://ycombinator.com/companies/shape-shapescale,https://shapescale.com,"[{""name"":""Alexandre Wayenberg"",""role"":""CEO"",""biography"":"""",""twitter"":null,""linkedin"":""http://www.linkedin.com/in/awayenberg""},{""name"":""Martin Kessler"",""role"":""COO"",""biography"":""I'm into D2C, growth marketing, recruiting, hardware, and fitness."",""twitter"":""https://twitter.com/kesslerio"",""linkedin"":""https://www.linkedin.com/in/martinkessler""}]"
MicroHealth,"New York, NY, USA",Digital hematology,S15,https://ycombinator.com/companies/microhealth,http://microhealth.com,"[{""name"":""Miguel Lara"",""role"":""CEO"",""biography"":""● 10+ years as Digital Health startup CEO\n● Deep relationships across the biopharma ecosystem\n● 10+ years as Managing Director (healthcare) at global bank\n● Y Combinator (YC_S15) alumni"",""twitter"":null,""linkedin"":""http://linkedin.com/in/mlara1/en""},{""name"":""Marc Lara"",""role"":""Marc Lara"",""biography"":""Expert indigital health, including:\n- Launching products for new therapeutic areas \n- Improving health outcomes\n- Clinical and HEOR studies\n- Domestic and global deployments \n- Predictive AI for medical and commercial goals"",""twitter"":null,""linkedin"":""linkedin.com/mlaranyc""}]"
Markhor,"San Francisco, CA, USA",Markhor is a DTC company that works with craftsmen to make shoes and…,S15,https://ycombinator.com/companies/markhor,http://markhor.com,"[{""name"":""Sidra Qasim"",""role"":""Sidra Qasim"",""biography"":""co-founder & CEO of @atoms, previously @markhor\nMom. Startup investor in Buzzer, AirSchool, AimFit, WorkOS, etc. Passionate about building great products."",""twitter"":""https://twitter.com/sidraqasim"",""linkedin"":""http://linkedin.com/in/sidraqasim""},{""name"":""Waqas Ali"",""role"":""Waqas Ali"",""biography"":"""",""twitter"":""http://twitter.com/waqasali"",""linkedin"":""http://linkedin.com/in/waqasaday""}]"
Clerky,"Palo Alto, CA, USA",Makes legal paperwork easy for startups and their attorneys.,S11,https://ycombinator.com/companies/clerky,https://www.clerky.com,"[{""name"":""Darby Wong"",""role"":""CEO"",""biography"":""I'm a co-founder and the CEO of Clerky. I was a startup attorney at Orrick Herrington & Sutcliffe LLP and have a law degree from Harvard Law School. Prior to law school, I majored in computer science at the University of Washington, where I worked on machine learning research."",""twitter"":""https://twitter.com/darbyw"",""linkedin"":""https://www.linkedin.com/in/darbywong/""},{""name"":""Chris Field"",""role"":""Chris Field"",""biography"":""I'm a co-founder of Clerky. I was a startup attorney at Orrick, Herrington & Sutcliffe LLP. Before becoming an attorney, I worked in various management and operations roles at TippingPoint Technologies and Micron Electronics. I studied electrical engineering and history at Stanford University and I studied law at the University of Pennsylvania."",""twitter"":null,""linkedin"":""https://www.linkedin.com/in/fieldchris""}]"
Bodyport,"San Francisco, CA, USA",Predicting and preventing heart disease.,S15,https://ycombinator.com/companies/bodyport,http://bodyport.com,"[{""name"":""Corey Centen"",""role"":""CEO  "",""biography"":null,""twitter"":""http://twitter.com/bodyport"",""linkedin"":""http://ca.linkedin.com/in/coreycenten/""},{""name"":""Corey Centen"",""role"":""CEO  "",""biography"":null,""twitter"":""http://twitter.com/bodyport"",""linkedin"":""http://ca.linkedin.com/in/coreycenten/""}]"
Verge Genomics,"San Francisco, CA, USA",We use human data and AI to develop better drugs faster.,S15,https://ycombinator.com/companies/verge-genomics,http://vergegenomics.com,"[{""name"":""Alice Zhang"",""role"":""CEO "",""biography"":null,""twitter"":null,""linkedin"":""https://www.linkedin.com/in/alice-zhang-2087862b/""},{""name"":""Alice Zhang"",""role"":""CEO "",""biography"":null,""twitter"":null,""linkedin"":""https://www.linkedin.com/in/alice-zhang-2087862b/""}]"
Thrive Agritech,"New York, NY, USA",We design and manufacture energy efficient LED lighting fixtures for…,S15,https://ycombinator.com/companies/thrive-agritech,http://www.thriveagritech.com,"[{""name"":""Brian Bennett"",""role"":""CEO "",""biography"":null,""twitter"":null,""linkedin"":""https://www.linkedin.com/profile/view?id=33089925&trk=nav_responsive_tab_profile""},{""name"":""Brian Bennett"",""role"":""CEO "",""biography"":null,""twitter"":null,""linkedin"":""https://www.linkedin.com/profile/view?id=33089925&trk=nav_responsive_tab_profile""}]"
AgileMD,"San Francisco, CA, USA",Predictive analytics and clinical pathways for hospitals,S11,https://ycombinator.com/companies/agilemd,https://agilemd.com,"[{""name"":""Borna Safabakhsh"",""role"":""CEO"",""biography"":""Borna is the co-founder and CEO of AgileMD, a digital health startup reinventing how clinical predictive analytics and decision support help physicians at the bedside.  Borna has an MBA from Chicago Booth, where he was recognized as Most Promising Entrepreneur by the University of Chicago and 50 for the Future by the Illinois Technology Foundation.\n\nAgileMD’s clinical tools are used at over 81 hospitals and individually in use by over 65,000 healthcare providers to deliver high-quality care."",""twitter"":null,""linkedin"":""https://www.linkedin.com/in/bornas/""}]"
Reach Labs,"Emeryville, CA, USA","Long range, wireless energy distribution that scales",S15,https://ycombinator.com/companies/reach-labs,https://reachlabs.co/,"[{""name"":""Christopher Davlantes"",""role"":""Founder "",""biography"":null,""twitter"":null,""linkedin"":""https://www.linkedin.com/in/chrisdavlantes/en""},{""name"":""Christopher Davlantes"",""role"":""Founder "",""biography"":null,""twitter"":null,""linkedin"":""https://www.linkedin.com/in/chrisdavlantes/en""}]"
SunFarmer,"Kathmandu, Central Development Region, Nepal",Reliable and affordable solar energy in developing countries.,S15,https://ycombinator.com/companies/sunfarmer,http://sunfarmer.org,"[{""name"":""Andy Moon"",""role"":""Andy Moon"",""biography"":""Co-Founder and CEO of Reunion, renewable energy finance platform /\nCo-Founder and Board member at SunFarmer /\nRaised over $200M in debt and equity to fund solar energy projects / \nInvestor in a few awesome early stage companies including Chronosphere"",""twitter"":""https://twitter.com/andymoonsun"",""linkedin"":""https://www.linkedin.com/in/andymoonfuture/""},{""name"":""Jason Gray"",""role"":""Jason Gray"",""biography"":""Presently, Founder and Managing General Partner of Pioneer Fund. \nPreviously, Co-Founder of SunFarmer, a solar energy company.   \nPrior to that, Jason held various roles in finance, energy, and agriculture, including as General Manager and Vice President of  SunEdison.  In this role, he established the company’s Canadian division, building it to $250M in annual revenue and managed over $500M in debt in equity."",""twitter"":""https://twitter.com/jasondgray"",""linkedin"":""https://www.linkedin.com/in/jasondgray/""}]"
Confident LIMS,"Palo Alto, CA, USA",Laboratory Information Management System (LIMS) serving…,S15,https://ycombinator.com/companies/confident-lims,https://confidentlims.com,"[{""name"":""Steve Albarran"",""role"":""CEO"",""biography"":""Steve is the CEO and Co-Founder of Confident LIMS, the leading laboratory information management system for quality assurance labs in highly-regulated industries in North America. Prior to founding Confident, Steve founded Left Lane Capital Partners, a growth equity investment firm focused on the health & wellness industry. Previously, Steve was an M&A investment banker at Sawaya Partners and Lehman Brothers in New York City."",""twitter"":null,""linkedin"":""https://www.linkedin.com/in/steve-albarran/""}]"
Branch8,"Kowloon, Hong Kong",Branch8 helps sellers to list and manage products on e-commerce…,S15,https://ycombinator.com/companies/branch8,http://branch8.com,"[{""name"":""Matt Li"",""role"":""Director "",""biography"":null,""twitter"":null,""linkedin"":""http://hk.linkedin.com/pub/matt-li/16/4b1/38b""},{""name"":""Matt Li"",""role"":""Director "",""biography"":null,""twitter"":null,""linkedin"":""http://hk.linkedin.com/pub/matt-li/16/4b1/38b""}]"
Heroic Labs,"London, England, United Kingdom","Social Infrastructure for Games; Makers of Nakama game server, Satori…",S15,https://ycombinator.com/companies/heroic-labs,http://heroiclabs.com,"[{""name"":""Chris Molozian"",""role"":""CEO"",""biography"":""Founder of @heroiclabs. A software engineer and tinkerer on distributed systems."",""twitter"":null,""linkedin"":""https://uk.linkedin.com/in/chrismolozian""},{""name"":""Mo Firouz"",""role"":""COO"",""biography"":""Colourblind. Founder. YC S15. Photographer."",""twitter"":null,""linkedin"":""http://uk.linkedin.com/in/mofirouz""},{""name"":""Andrei Mihu"",""role"":""CTO"",""biography"":""Founder of @heroiclabs. Scalable systems, high availability design, high-performance data processing and interoperability."",""twitter"":null,""linkedin"":""http://uk.linkedin.com/in/andreimihu""}]"
SnapMagic,"San Francisco, CA, USA",AI copilot for electronics design,S15,https://ycombinator.com/companies/snapmagic,https://www.snapmagic.com,"[{""name"":""Natasha Baker"",""role"":""CEO  "",""biography"":null,""twitter"":""https://twitter.com/natashaabaker?lang=en"",""linkedin"":""https://www.linkedin.com/in/natashaabaker""},{""name"":""Natasha Baker"",""role"":""CEO  "",""biography"":null,""twitter"":""https://twitter.com/natashaabaker?lang=en"",""linkedin"":""https://www.linkedin.com/in/natashaabaker""}]"
Scope AR,"San Francisco, CA, USA",Scope AR is the leading provider of User Guided Augmented Reality…,S15,https://ycombinator.com/companies/scope-ar,http://scopear.com,"[{""name"":""Scott Montgomerie"",""role"":""Founder "",""biography"":null,""twitter"":null,""linkedin"":""http://www.linkedin.com/in/scottmontgomerie/en""},{""name"":""Scott Montgomerie"",""role"":""Founder "",""biography"":null,""twitter"":null,""linkedin"":""http://www.linkedin.com/in/scottmontgomerie/en""}]"
Assembly,"Redwood City, CA, USA",Advanced manufacturing and distribution solutions (for China-based…,S15,https://ycombinator.com/companies/assembly,https://asm.co/,"[{""name"":""Jonathan Friedman"",""role"":""Founder/CEO"",""biography"":""Ph.D. in electrical engineering with a background in biomedical and industrial systems engineering. 2x YC Founder. Lives part time in China. Happy to help with supply chain, manufacturing, distribution, or design problems. If you move/sell physical products, I can probably find you more margin or more market share. Free consults for founders. Don't be afraid to ask. We'll learn new things together! Cheers."",""twitter"":null,""linkedin"":""https://linkedin.com/in/friedparts""}]"
Gemnote,"San Leandro, CA, USA","Gemnote is the easiest way to design, create and send custom products.",S15,https://ycombinator.com/companies/gemnote,http://gemnote.com,"[{""name"":""Ashley Wong"",""role"":""CEO "",""biography"":null,""twitter"":null,""linkedin"":""https://www.linkedin.com/profile/view?id=48575772&trk=nav_responsive_tab_profile_pic""},{""name"":""Ashley Wong"",""role"":""CEO "",""biography"":null,""twitter"":null,""linkedin"":""https://www.linkedin.com/profile/view?id=48575772&trk=nav_responsive_tab_profile_pic""}]"
New Story,"Atlanta, GA, USA",We pioneer solutions to end the global housing crisis by empowering…,S15,https://ycombinator.com/companies/new-story,http://newstoryhomes.org,"[{""name"":""Brett Hagler"",""role"":""CEO"",""biography"":""Co-Founder and CEO at New Story."",""twitter"":""https://twitter.com/BrettHagler"",""linkedin"":""http://www.linkedin.com/in/rbhagler/""},{""name"":""Matthew Marshall"",""role"":""Matthew Marshall"",""biography"":""Co-founder and Chief Business Officer of New Story. \n\nNew Story pioneers solutions to end global homelessness through a market-driven approach and since starting 8 years ago we've raised over 50M+ and built 37 communities (100-150 homes per project) in Latin America. Our goal is to house 1M individuals by 2030 through sustainable and scalable affordable housing models by blending a mixture of philanthropy, impact investment, and technical expertise."",""twitter"":null,""linkedin"":""http://linkedin.com/in/jamesmatthewmarshall""}]"
Leaders In Tech (formerly InnerSpace),"San Francisco, CA, USA","Helping founders improve themselves, their companies, and the world.",S15,https://ycombinator.com/companies/leaders-in-tech,http://leadersintech.org,"[{""name"":""Joe Greenstein"",""role"":""Zookeeper's Assistant "",""biography"":null,""twitter"":null,""linkedin"":""http://linkedin.com/in/joegreenstein""},{""name"":""Joe Greenstein"",""role"":""Zookeeper's Assistant "",""biography"":null,""twitter"":null,""linkedin"":""http://linkedin.com/in/joegreenstein""}]"
teaBOT,"Toronto, ON, Canada",A robot that makes tea!,S15,https://ycombinator.com/companies/teabot,http://teaBOT.com,"[{""name"":""Rehman Merali"",""role"":""Rehman Merali"",""biography"":""PhD in Robotics. Passionate about helping in the developing world."",""twitter"":null,""linkedin"":""https://www.linkedin.com/in/rehmanmerali""}]"
Lugg,"San Francisco, CA, USA","Move anything, anytime, anywhere",S15,https://ycombinator.com/companies/lugg,http://lugg.com,"[{""name"":""Jordan Brown"",""role"":""CEO"",""biography"":""Founder/CEO of Lugg (s15)"",""twitter"":""https://twitter.com/jordanbrown"",""linkedin"":""https://www.linkedin.com/pub/jordan-brown/a1/628/b4b""},{""name"":""Eric Kreutzer"",""role"":""Eric Kreutzer"",""biography"":"""",""twitter"":null,""linkedin"":""https://www.linkedin.com/in/eric-kreutzer""}]"
Shasqi,"San Francisco, CA, USA",Pioneering Click Chemistry in Humans to change cancer outcomes,W15,https://ycombinator.com/companies/shasqi,https://,"[{""name"":""Jose M. Mejia Oneto"",""role"":""CEO"",""biography"":""José M Mejía Oneto is a physician scientist with training in Organic Chemistry at Emory and Orthopedics at UC Davis. During his clinical training, Jose recognized the need for a better way to get drugs to the right location in the body. Joined the YC program in 2015 with Tambo and in 2018 its spinoff Shasqi, focussing on pioneering click chemistry in humans for better cancer drugs. Shasqi has raised a more than $60M in funding, with its lead asset in Phase 2 and a growing pipeline of drugs."",""twitter"":null,""linkedin"":""http://www.linkedin.com/in/joseperu/""}]"
Replika,"San Francisco, CA, USA",Replika is an AI friend that you can talk to designed to make you…,W15,https://ycombinator.com/companies/replika,https://replika.ai/,"[{""name"":""Eugenia Kuyda"",""role"":""CEO "",""biography"":null,""twitter"":null,""linkedin"":""https://www.linkedin.com/in/eugenia-kuyda-638a8a1b/""},{""name"":""Eugenia Kuyda"",""role"":""CEO "",""biography"":null,""twitter"":null,""linkedin"":""https://www.linkedin.com/in/eugenia-kuyda-638a8a1b/""}]"
Tara AI,"San Jose, CA, USA","Meet Tara AI, your new engineering efficiency co-pilot.",W15,https://ycombinator.com/companies/tara-ai,http://www.tara.ai,"[{""name"":""Iba Masood"",""role"":""CEO"",""biography"":""ba Masood is the co-founder and CEO of Tara AI, a smart platform helping thousands of engineers and teams deliver on planned releases. Iba was awarded Forbes 30 under 30, for the 2018 list, under the field of Enterprise Technology. She is the youngest winner of the Cartier Women's Initiative Award, and has an undergraduate degree in Finance from the American University of Sharjah, graduating magna cum laude. Iba has also previously worked at McKinsey & Co, and GE."",""twitter"":null,""linkedin"":""https://www.linkedin.com/in/ibamasood""},{""name"":""Syed Ahmed"",""role"":""CTO"",""biography"":""Syed Ahmed is an experienced CTO and Engineering leader with over 15 years of experience in architecting software &  building high performance teams. Him and his cofounder launched their first bootstrapped and profitable SaaS business in 2010 which became an award winning startup called Gradberry. His second venture Elements was a specialized Engineering and Design firm that was acquired and his current venture Tara AI is focused on making the Software Lifecycle more Predictable."",""twitter"":null,""linkedin"":""https://www.linkedin.com/in/syedahmedz/""}]"
X-Zell,"Singapore, Singapore","Early, pain-free cancer detection.",W15,https://ycombinator.com/companies/x-zell,http://www.x-zell.com,"[{""name"":""Sebastian Punyaratabandhu Bhakdi"",""role"":""Sebastian Punyaratabandhu Bhakdi"",""biography"":""Sebastian started out as a physician at the University Hospital of Freiburg, Germany and earned a Degree in International Health at the Autonomous University of Barcelona, Spain, which made him realize that health services have to be accessible for all. A Research Fellowship from the German Research Foundation helped him to create his first patent which he used to found X-ZELL. He remains its CEO and Principal Investigator, growing the company to solve the world's cancer screening challenge."",""twitter"":null,""linkedin"":""https://www.linkedin.com/pub/sebastian-chakrit-punyaratabandhu-bhakdi/4a/357/8a3""},{""name"":""Prapat Suriyaphol"",""role"":""Prapat Suriyaphol"",""biography"":"""",""twitter"":null,""linkedin"":""http://th.linkedin.com/pub/prapat-suriyaphol/17/5b0/3b2""}]"
Transcriptic,"Menlo Park, CA, USA",The robotic cloud laboratory for the life sciences.,W15,https://ycombinator.com/companies/transcriptic,http://transcriptic.com,"[{""name"":""Max Hodak"",""role"":""CEO "",""biography"":null,""twitter"":""https://twitter.com/max_hodak"",""linkedin"":null},{""name"":""Max Hodak"",""role"":""CEO "",""biography"":null,""twitter"":""https://twitter.com/max_hodak"",""linkedin"":null}]"
Zenflow,"South San Francisco, CA, USA","Medical device that provides a more effective, less invasive…",W15,https://ycombinator.com/companies/zenflow,http://zenflow.com,"[{""name"":""Shreya Mehta"",""role"":""CTO "",""biography"":null,""twitter"":null,""linkedin"":""https://www.linkedin.com/pub/shreya-mehta/5/57/49a""},{""name"":""Shreya Mehta"",""role"":""CTO "",""biography"":null,""twitter"":null,""linkedin"":""https://www.linkedin.com/pub/shreya-mehta/5/57/49a""}]"
Tab,"London, England, United Kingdom","Revolutionising the way travellers discover, plan and book a trip",W15,https://ycombinator.com/companies/tab,https://www.tab.travel,"[{""name"":""Mark Datta"",""role"":""CEO"",""biography"":""Mark worked in the finance industry, and at travel and fintech startups before founding Tab. He has an MBA from Harvard Business School."",""twitter"":null,""linkedin"":""http://uk.linkedin.com/in/markdatta""}]"
Science Exchange,"Palo Alto, CA, USA",Powering scientific outsourcing,S11,https://ycombinator.com/companies/science-exchange,https://www.scienceexchange.com/,"[{""name"":""Elizabeth Iorns"",""role"":""President & CEO; Chairman of the Board "",""biography"":null,""twitter"":null,""linkedin"":""https://www.linkedin.com/in/elizabethiorns/""},{""name"":""Elizabeth Iorns"",""role"":""President & CEO; Chairman of the Board "",""biography"":null,""twitter"":null,""linkedin"":""https://www.linkedin.com/in/elizabethiorns/""}]"
Priime,"San Francisco, CA, USA",Priime is a company dedicated to advancements in technology around…,W15,https://ycombinator.com/companies/priime,https://priime.com,"[{""name"":""Arthur Chang"",""role"":""CEO"",""biography"":""YC s10 founder (Fanvibe) and YC w15 founder (Priime)"",""twitter"":""https://twitter.com/art_chang"",""linkedin"":""https://www.linkedin.com/in/arthurchang""},{""name"":""Andrew Ng"",""role"":""Andrew Ng"",""biography"":""Founder at Priime (W15)"",""twitter"":""https://twitter.com/ayn"",""linkedin"":""http://linkedin.com/in/andrewng/""},{""name"":""Joe Pestro"",""role"":""Joe Pestro"",""biography"":"""",""twitter"":null,""linkedin"":""http://linkedin.com/in/joepestro""}]"
Streak,Remote,Streak transforms Gmail into a powerful CRM,S11,https://ycombinator.com/companies/streak,http://streak.com,"[{""name"":""Aleem Mawani"",""role"":""Founder "",""biography"":null,""twitter"":null,""linkedin"":""https://www.linkedin.com/in/aleemmawani/""},{""name"":""Aleem Mawani"",""role"":""Founder "",""biography"":null,""twitter"":null,""linkedin"":""https://www.linkedin.com/in/aleemmawani/""}]"
Meadow,"San Francisco, CA, USA",Point of Sale and Compliance SaaS for Cannabis Dispensaries,W15,https://ycombinator.com/companies/meadow,https://getmeadow.com,"[{""name"":""David Hua"",""role"":""CEO"",""biography"":""CEO, Co-Founder of Meadow. Dim Sum Connoisseur. Advocate for Progressive Cannabis. Passionate about Startups."",""twitter"":""http://twitter.com/hua"",""linkedin"":""https://www.linkedin.com/in/davidhua""},{""name"":""Rick Harrison"",""role"":""CTO"",""biography"":""Co-Founder & CTO of Meadow"",""twitter"":""https://twitter.com/rickharrison"",""linkedin"":""https://www.linkedin.com/in/rickharrison/""},{""name"":""Scott A Garman"",""role"":""Scott A Garman"",""biography"":"""",""twitter"":null,""linkedin"":""https://www.linkedin.com/profile/view?id=79643071&trk=nav_responsive_tab_profile""},{""name"":""Harrison Lee"",""role"":""Designer, Developer"",""biography"":"""",""twitter"":null,""linkedin"":""https://www.linkedin.com/in/harrisonrlee""}]"
Level Frames,"NY, USA",Software eats custom framing,W15,https://ycombinator.com/companies/level-frames,http://levelframes.com,"[{""name"":""Josh Hubball"",""role"":""CEO"",""biography"":""Building @Levelframes. Fan of music, tech, analog photography, being a dad and the Sawx."",""twitter"":""https://twitter.com/jhubball"",""linkedin"":""https://www.linkedin.com/in/joshhubball""},{""name"":""Damian Sowers"",""role"":""Damian Sowers"",""biography"":""Founder & CTO @levelframes"",""twitter"":""https://twitter.com/3solarmasses"",""linkedin"":""http://www.linkedin.com/pub/damian-sowers/22/a8b/178""}]"
Industrial Microbes,"Alameda, CA, USA",We design and build microbes to make chemicals greener at lower cost.,W15,https://ycombinator.com/companies/industrial-microbes,http://imicrobes.com,"[{""name"":""Derek Greenfield"",""role"":""CEO "",""biography"":null,""twitter"":null,""linkedin"":""https://www.linkedin.com/profile/view?id=9841556""},{""name"":""Derek Greenfield"",""role"":""CEO "",""biography"":null,""twitter"":null,""linkedin"":""https://www.linkedin.com/profile/view?id=9841556""}]"
eBrandvalue,"Mountain View, CA, USA",Real-time Nielsen ratings for Brands.Accelerate marketing and product…,W15,https://ycombinator.com/companies/ebrandvalue,https://www.ebrandvalue.com/,"[{""name"":""Ayse Akcura"",""role"":""CEO "",""biography"":null,""twitter"":null,""linkedin"":""https://www.linkedin.com/pub/ayse-akcura/2/b85/6ba""},{""name"":""Ayse Akcura"",""role"":""CEO "",""biography"":null,""twitter"":null,""linkedin"":""https://www.linkedin.com/pub/ayse-akcura/2/b85/6ba""}]"
Quantierra,"New York, NY, USA",Sourcing investment real estate,W15,https://ycombinator.com/companies/quantierra,http://quantierra.com,"[{""name"":""Sandip Trivedi"",""role"":""Founder  "",""biography"":null,""twitter"":""https://twitter.com/trivedisandip"",""linkedin"":""https://linkedin.com/in/sandiptrivedi""},{""name"":""Sandip Trivedi"",""role"":""Founder  "",""biography"":null,""twitter"":""https://twitter.com/trivedisandip"",""linkedin"":""https://linkedin.com/in/sandiptrivedi""}]"
Cleanly,"New York, NY, USA",Laundry & Dry Cleaning delivered.,W15,https://ycombinator.com/companies/cleanly,https://cleanly.com,"[{""name"":""Tom Harari"",""role"":""Tom Harari"",""biography"":""Founder at Cleanly (W15) and Founding Team at REGENT (W21). I spent a decade founding companies with skills in marketing, growth, and design, now spending most of my time writing."",""twitter"":""https://twitter.com/tomharari"",""linkedin"":""http://www.linkedin.com/in/tomharari/""},{""name"":""Chen Atlas"",""role"":""Chen Atlas"",""biography"":""Chen is CTO and Founder at Optery. Prior to founding Optery, Chen was tech lead and architect for 50+ engineers at Runa HR. Prior to Runa HR he was Co-Founder and CTO of As You Stay, and Cleanly, the on-demand laundry service. Chen was recruited out of high school by the Israel Defense Forces (Mamram) to build logistics platforms and is an expert in building large scale complex systems with high availability.  Chen is an alumnus of Bar-Ilan University (BA) and Y Combinator (Cleanly, W15)."",""twitter"":null,""linkedin"":""http://www.linkedin.com/in/atlaschen""},{""name"":""Itay Forer"",""role"":""Itay Forer"",""biography"":"""",""twitter"":""https://twitter.com/itayforer"",""linkedin"":""https://www.linkedin.com/in/itayforer""}]"
Resolve,"New York, NY, USA","VR simulations for operations, maintenance and construction teams.",W15,https://ycombinator.com/companies/resolve,https://www.resolvebim.com,"[{""name"":""Angel Alonso Say"",""role"":""CEO"",""biography"":""YC Badge: 0xc6886E54a18Fe055348178AC3131d530d8679810"",""twitter"":null,""linkedin"":""https://www.linkedin.com/in/sayangel""},{""name"":""Russell Varriale"",""role"":""Russell Varriale"",""biography"":""Co-Founder & COO @ InsiteVR"",""twitter"":""https://twitter.com/RussellVarriale"",""linkedin"":""https://www.linkedin.com/in/russellvarriale""}]"
Makrwatch,"New York, NY, USA",Scale new user acquisition with YouTube Creators,W15,https://ycombinator.com/companies/makrwatch,https://www.makrwatch.com,"[{""name"":""Andres Felipe Diaz"",""role"":""CEO"",""biography"":""Our focus is to build a high growth company with human-centered values that promote diversity, multi-cultural teams, and that enables global access to wealth. \n\nWe proudly sponsor thousands of YouTube creators in 60+ counties, have team members in 4 continents and 7+ countries and have been fully remote for a few years.\n\nWe are also very picky with our clients and want to help companies that have a higher purpose of helping and improving our world."",""twitter"":null,""linkedin"":""http://linkedin.com/in/andresthegeek/""},{""name"":""Carlos Saavedra"",""role"":""Carlos Saavedra"",""biography"":""We are empowering people's creativity towards content creations, working with thousands of creators in more than 60+ countries."",""twitter"":null,""linkedin"":""https://www.linkedin.com/in/carlosaave""}]"
TeamNote,"Hong Kong, Hong Kong",Mobile Productivity(Slack for mobile workforces),W15,https://ycombinator.com/companies/teamnote,http://teamnoteapp.com,"[{""name"":""Roy Law"",""role"":""Founder "",""biography"":null,""twitter"":null,""linkedin"":""https://www.linkedin.com/pub/roy-law/63/b2b/4b""},{""name"":""Roy Law"",""role"":""Founder "",""biography"":null,""twitter"":null,""linkedin"":""https://www.linkedin.com/pub/roy-law/63/b2b/4b""}]"
SIRUM,"Palo Alto, CA, USA",SIRUM is a “match.com” for unused medicine. We connect institutional…,W15,https://ycombinator.com/companies/sirum,http://sirum.org,"[{""name"":""Kiah J. Williams"",""role"":""Founder "",""biography"":null,""twitter"":null,""linkedin"":""http://www.linkedin.com/pub/kiah-williams/9/656/b65""},{""name"":""Kiah J. Williams"",""role"":""Founder "",""biography"":null,""twitter"":null,""linkedin"":""http://www.linkedin.com/pub/kiah-williams/9/656/b65""}]"
Sails Co.,"Austin, TX, USA","Full-service web, mobile, & cloud studio providing professional…",W15,https://ycombinator.com/companies/sails-co,https://sailsjs.com/about,"[{""name"":""Mike McNeil"",""role"":""Mike McNeil"",""biography"":""See https://mcneil.io"",""twitter"":null,""linkedin"":""https://www.linkedin.com/in/mikermcneil""},{""name"":""Scott Gress"",""role"":""Scott Gress"",""biography"":"""",""twitter"":null,""linkedin"":""http://www.linkedin.com/in/scottgress/""},{""name"":""Cody Stoltman"",""role"":""Cody Stoltman"",""biography"":"""",""twitter"":null,""linkedin"":""http://www.linkedin.com/in/codystoltman/""}]"
BuildScience,"Niagara Falls, NY, USA",The operating system for commercial buildings.,W15,https://ycombinator.com/companies/buildscience,http://www.buildscience.com/,"[{""name"":""Ritesh Patel"",""role"":""Founder "",""biography"":null,""twitter"":null,""linkedin"":""http://www.linkedin.com/in/xitijpatel/""},{""name"":""Ritesh Patel"",""role"":""Founder "",""biography"":null,""twitter"":null,""linkedin"":""http://www.linkedin.com/in/xitijpatel/""}]"
Labdoor,"San Francisco, CA, USA",Labdoor is building the trusted online drugstore.,W15,https://ycombinator.com/companies/labdoor,https://labdoor.com,"[{""name"":""Neil Thanedar"",""role"":""CEO"",""biography"":""Founder and Solo GP at Utopic Ventures (pre-seed VC fund backing biotech startups led by scientist CEOs).\n\nFounding CEO of Labdoor (W15), Avomeen (acq. 2016), and Air to All (501(c)3 nonprofit)."",""twitter"":""https://twitter.com/NeilThanedar"",""linkedin"":""https://www.linkedin.com/in/thanedar""},{""name"":""Rafael Ferreira"",""role"":""CMO"",""biography"":""Co-founded and helped build Labdoor from the ground up, transforming it into one of the largest supplement review websites in the world.\n\nWorked as an Art Director for several agencies, helping deliver impactful work for global brands like Warner Bros., Proctor & Gamble, Johnson & Johnson, STP, HTH, DHL, Phillip Morris, and others.\n\nTwo-time shortlist nominated for the Webby Awards."",""twitter"":""https://twitter.com/rafafferreira1"",""linkedin"":""https://www.linkedin.com/in/rafafferreira""},{""name"":""Helton Souza"",""role"":""CTO"",""biography"":"""",""twitter"":null,""linkedin"":""https://www.linkedin.com/in/heltonsouza""}]"
GiveMeTap,"London, England, United Kingdom",We produce & sell stainless steel water bottles that enables people…,W15,https://ycombinator.com/companies/givemetap,http://givemetap.com,"[{""name"":""Edwin Broni-Mensah"",""role"":""The Water Guy "",""biography"":null,""twitter"":null,""linkedin"":""https://www.linkedin.com/in/ebronimensah""},{""name"":""Edwin Broni-Mensah"",""role"":""The Water Guy "",""biography"":null,""twitter"":null,""linkedin"":""https://www.linkedin.com/in/ebronimensah""}]"
The Human Utility,"Oakland, CA, USA",The Human Utility seeks to eliminate water service disconnections for…,W15,https://ycombinator.com/companies/the-human-utility,https://www.detroitwaterproject.org/,"[{""name"":""Tiffani Ashley Bell"",""role"":""Executive Director"",""biography"":""Tiffani ​is the​ Founder and Executive Director ​of The Human Utility. Since July 2014, The Human Utility has helped thousands of people with their water bills.\n\nShe was a 2017 Technology & Democracy Fellow at the Harvard Kennedy School of Government.\n\nTiffani is a programmer who earned a BSc in Systems & Computer Science from Howard University. She is also a Stanford Graduate School of Business alumna having earned an MS in Management as a Sloan Fellow in 2021/22. \n\nAlways chewing gum."",""twitter"":""https://www.twitter.com/tiffani"",""linkedin"":""http://www.linkedin.com/in/tiffani""}]"
Democracy Earth,"Madrid, Community of Madrid, Spain",Censorship resistant democracies.,W15,https://ycombinator.com/companies/democracy-earth,http://democracy.earth/,"[{""name"":""Pia Mancini"",""role"":""Founder "",""biography"":null,""twitter"":null,""linkedin"":""https://www.linkedin.com/in/piamancini""},{""name"":""Pia Mancini"",""role"":""Founder "",""biography"":null,""twitter"":null,""linkedin"":""https://www.linkedin.com/in/piamancini""}]"
Bayes Impact,"San Francisco, CA, USA",Tech nonprofit building the future of public services.,S14,https://ycombinator.com/companies/bayes-impact,http://bayesimpact.org,"[{""name"":""Paul Duan"",""role"":""President "",""biography"":null,""twitter"":null,""linkedin"":""https://www.linkedin.com/in/pyduan""},{""name"":""Paul Duan"",""role"":""President "",""biography"":null,""twitter"":null,""linkedin"":""https://www.linkedin.com/in/pyduan""}]"
Roomstorm,"Redwood City, CA, USA",Real time B2B hotel room marketplace for various industries…,S14,https://ycombinator.com/companies/roomstorm,http://roomstorm.com,"[{""name"":""Maksim Izmaylov"",""role"":""Founder"",""biography"":null,""twitter"":null,""linkedin"":null},{""name"":""Maksim Izmaylov"",""role"":""Founder"",""biography"":null,""twitter"":null,""linkedin"":null}]"
Hive,"Kitchener, ON, Canada",Email and SMS marketing platform,S14,https://ycombinator.com/companies/hive,http://www.hive.co,"[{""name"":""Patrick Hannigan"",""role"":""CTO  "",""biography"":null,""twitter"":""http://www.twitter.com/patrickhannigan"",""linkedin"":""https://www.linkedin.com/in/patrickhannigan/""},{""name"":""Patrick Hannigan"",""role"":""CTO  "",""biography"":null,""twitter"":""http://www.twitter.com/patrickhannigan"",""linkedin"":""https://www.linkedin.com/in/patrickhannigan/""}]"
Tenjin,"San Francisco, CA, USA",Mobile marketing analytics and infrastructure,S14,https://ycombinator.com/companies/tenjin,https://www.tenjin.com,"[{""name"":""Christopher Farm"",""role"":""CEO"",""biography"":""Like to make things"",""twitter"":null,""linkedin"":""https://www.linkedin.com/in/christopherfarm""},{""name"":""Amir Manji"",""role"":""Head Barista"",""biography"":"""",""twitter"":""https://twitter.com/amirmanji"",""linkedin"":""https://www.linkedin.com/in/amirmanji""}]"
SpotAngels,"San Francisco, CA, USA",Waze for parking,S14,https://ycombinator.com/companies/spotangels,http://www.spotangels.com,"[{""name"":""Thomas Cottin"",""role"":""CTO"",""biography"":null,""twitter"":null,""linkedin"":null},{""name"":""Thomas Cottin"",""role"":""CTO"",""biography"":null,""twitter"":null,""linkedin"":null}]"
SFOX,"Los Angeles, CA, USA",Crypto-currency trading platform.,S14,https://ycombinator.com/companies/sfox,http://sfox.com,"[{""name"":""George Melika"",""role"":""CTO  "",""biography"":null,""twitter"":""https://twitter.com/gmelika"",""linkedin"":""https://linkedin.com/in/gmelika""},{""name"":""George Melika"",""role"":""CTO  "",""biography"":null,""twitter"":""https://twitter.com/gmelika"",""linkedin"":""https://linkedin.com/in/gmelika""}]"
Hiro Systems,"New York, NY, USA",Hiro Systems build developer tools for Bitcoin L1 and the Stacks L2,S14,https://ycombinator.com/companies/hiro-systems,https://hiro.so,"[{""name"":""Muneeb Ali"",""role"":""Muneeb Ali"",""biography"":""Co-founder of the Stacks project, CEO of Trust Machines."",""twitter"":""https://twitter.com/muneeb"",""linkedin"":null}]"
Alchemy,"Waterloo, ON, Canada",Nanotechnology-enabled coatings for automotive and defence sectors,S14,https://ycombinator.com/companies/alchemy,http://www.alchemynano.com,"[{""name"":""Khanjan Desai"",""role"":""Khanjan Desai"",""biography"":""CEO & Founder of Alchemy. 2013 Nanotechnology Engineering graduate from the University of Waterloo. 2020 Forbes 30 Under 30 - Manufacturing & Industry. \n\nPreviously at Harvard Med doing cryopreservation and microfluidics research, and at Facebook doing growth analytics and internet marketing."",""twitter"":null,""linkedin"":""https://www.linkedin.com/in/khanjandesai/""},{""name"":""Chong Shen"",""role"":""Chong Shen"",""biography"":"""",""twitter"":null,""linkedin"":""https://www.linkedin.com/in/chongshen/""}]"
MTailor,"San Francisco, CA, USA",Get measured by your phone in under 30 seconds for perfect fitting…,S14,https://ycombinator.com/companies/mtailor,http://mtailor.com,"[{""name"":""Miles Penn"",""role"":""CEO"",""biography"":null,""twitter"":null,""linkedin"":null},{""name"":""Miles Penn"",""role"":""CEO"",""biography"":null,""twitter"":null,""linkedin"":null}]"
MetricWire,"Kitchener, ON, Canada",Mobile surveys for researchers,S14,https://ycombinator.com/companies/metricwire,http://metricwire.com,"[{""name"":""Brian Stewart"",""role"":""CEO"",""biography"":null,""twitter"":null,""linkedin"":null},{""name"":""Brian Stewart"",""role"":""CEO"",""biography"":null,""twitter"":null,""linkedin"":null}]"
Greentoe,"New York, NY, USA","""Name Your Price"" for products",S14,https://ycombinator.com/companies/greentoe,http://greentoe.com,"[{""name"":""Andrew Kurland"",""role"":""CTO "",""biography"":null,""twitter"":null,""linkedin"":""https://www.linkedin.com/in/andrewkurland""},{""name"":""Andrew Kurland"",""role"":""CTO "",""biography"":null,""twitter"":null,""linkedin"":""https://www.linkedin.com/in/andrewkurland""}]"
Hyperpad,"London, ON, Canada","Create, Share, Play Mobile Games on the iPad.",S14,https://ycombinator.com/companies/hyperpad,http://www.hyperpad.com,"[{""name"":""Murtaza Saadat"",""role"":""CEO "",""biography"":null,""twitter"":null,""linkedin"":""https://www.linkedin.com/in/msaadat""},{""name"":""Murtaza Saadat"",""role"":""CEO "",""biography"":null,""twitter"":null,""linkedin"":""https://www.linkedin.com/in/msaadat""}]"
Billforward,"San Francisco, CA, USA","Subscription billing, rate plan management and analytics as a…",S14,https://ycombinator.com/companies/billforward,https://www.billforward.io/,"[{""name"":""Aubone Tennant"",""role"":""Chief Growth Officer "",""biography"":null,""twitter"":null,""linkedin"":""https://www.linkedin.com/in/aubonetennant""},{""name"":""Aubone Tennant"",""role"":""Chief Growth Officer "",""biography"":null,""twitter"":null,""linkedin"":""https://www.linkedin.com/in/aubonetennant""}]"
Backpack,"San Francisco, CA, USA",Marketplace to get stuff from overseas,S14,https://ycombinator.com/companies/backpack,http://backpackbang.com,"[{""name"":""Fahim Aziz"",""role"":""CEOM "",""biography"":null,""twitter"":null,""linkedin"":""https://www.linkedin.com/in/fahimmaziz""},{""name"":""Fahim Aziz"",""role"":""CEOM "",""biography"":null,""twitter"":null,""linkedin"":""https://www.linkedin.com/in/fahimmaziz""}]"
Aptible,"San Francisco, CA, USA",The No Infrastructure Platform as a Service,S14,https://ycombinator.com/companies/aptible,https://www.aptible.com,"[{""name"":""Frank Macreery"",""role"":""CEO  "",""biography"":null,""twitter"":""https://twitter.com/fancyremarker"",""linkedin"":""https://www.linkedin.com/in/fancyremarker""},{""name"":""Frank Macreery"",""role"":""CEO  "",""biography"":null,""twitter"":""https://twitter.com/fancyremarker"",""linkedin"":""https://www.linkedin.com/in/fancyremarker""}]"
Immunity Project,"San Francisco, CA, USA",The free HIV vaccine.,W14,https://ycombinator.com/companies/immunity-project,http://immunityproject.org,"[{""name"":""Naveen Jain"",""role"":""Naveen Jain"",""biography"":"""",""twitter"":null,""linkedin"":""https://www.linkedin.com/in/naveenkjain""},{""name"":""Reid Rubsamen"",""role"":""Reid Rubsamen"",""biography"":"""",""twitter"":null,""linkedin"":""https://www.linkedin.com/in/reidrubsamenmd""},{""name"":""Ian Cinnamon"",""role"":""Ian Cinnamon"",""biography"":""http://linkedin.com/in/iancinnamon"",""twitter"":null,""linkedin"":""http://linkedin.com/in/iancinnamon""}]"
Dyspatch,"Victoria, BC, Canada",Two products to help everyone email better. Dyspatch.io - Email…,W14,https://ycombinator.com/companies/dyspatch,https://www.dyspatch.io,"[{""name"":""Matt Harris"",""role"":""CEO "",""biography"":null,""twitter"":null,""linkedin"":""https://www.linkedin.com/in/harrismc""},{""name"":""Matt Harris"",""role"":""CEO "",""biography"":null,""twitter"":null,""linkedin"":""https://www.linkedin.com/in/harrismc""}]"
GBatteries,"Ottawa, ON, Canada",Enabling li-ion batteries to charge ultra fast without compromising…,W14,https://ycombinator.com/companies/gbatteries,https://www.gbatteries.com,"[{""name"":""Tim Sherstyuk"",""role"":""CCO"",""biography"":""2020 Forbes 30 Under 30 - Energy"",""twitter"":null,""linkedin"":""https://www.linkedin.com/in/timsherstyuk""},{""name"":""Nick Sherstyuk"",""role"":""Nick Sherstyuk"",""biography"":"""",""twitter"":null,""linkedin"":null}]"
Zinc,"San Francisco, CA, USA",The secret backbone of e-commerce.,W14,https://ycombinator.com/companies/zinc,http://zinc.com,"[{""name"":""Doug Feigelson"",""role"":""Doug Feigelson"",""biography"":""CEO @ Mystro (mystrodriver.com)"",""twitter"":null,""linkedin"":""https://www.linkedin.com/in/feigelson/""}]"
Zidisha,"Sterling, VA, USA",Direct P2P lending across the international wealth divide.,W14,https://ycombinator.com/companies/zidisha,https://www.zidisha.org,"[{""name"":""Julia Kurnia"",""role"":""Director "",""biography"":null,""twitter"":null,""linkedin"":""https://www.linkedin.com/in/juliakurnia""},{""name"":""Julia Kurnia"",""role"":""Director "",""biography"":null,""twitter"":null,""linkedin"":""https://www.linkedin.com/in/juliakurnia""}]"
Medmonk,"Milpitas, CA, USA",A tool for pharmacists to find funding for patients who are unable to…,W12,https://ycombinator.com/companies/medmonk,http://medmonk.com,"[{""name"":""Abbas Mehdi"",""role"":""Founder"",""biography"":null,""twitter"":null,""linkedin"":null},{""name"":""Abbas Mehdi"",""role"":""Founder"",""biography"":null,""twitter"":null,""linkedin"":null}]"
Shoobs,"London, England, United Kingdom",We help you find and book tickets to great entertainment events that…,W14,https://ycombinator.com/companies/shoobs,http://shoobs.com,"[{""name"":""Louise Broni-Mensah"",""role"":""Founder "",""biography"":null,""twitter"":null,""linkedin"":""https://www.linkedin.com/in/louisebronimensah/""},{""name"":""Louise Broni-Mensah"",""role"":""Founder "",""biography"":null,""twitter"":null,""linkedin"":""https://www.linkedin.com/in/louisebronimensah/""}]"
Pushbullet,"San Francisco, CA, USA",Push things to your other things.,W14,https://ycombinator.com/companies/pushbullet,https://www.pushbullet.com,"[{""name"":""Ryan Oldenburg"",""role"":""CEO "",""biography"":null,""twitter"":null,""linkedin"":""https://www.linkedin.com/in/ryan-oldenburg-70661694""},{""name"":""Ryan Oldenburg"",""role"":""CEO "",""biography"":null,""twitter"":null,""linkedin"":""https://www.linkedin.com/in/ryan-oldenburg-70661694""}]"
PiinPoint,"Kitchener, ON, Canada",PiinPoint helps businesses find the best locations for growth,W14,https://ycombinator.com/companies/piinpoint,https://piinpoint.com,"[{""name"":""Jim Robeson"",""role"":""Jim Robeson"",""biography"":""Jim Robeson is the Co-founder and CEO of PiinPoint, a location analytics solution that helps retailers identify and predict the financial performance of future store locations. Since its launch in 2014, more than 250,000 locations have been analyzed using PiinPoint’s services."",""twitter"":null,""linkedin"":null},{""name"":""Adam Saunders"",""role"":""CTO"",""biography"":"""",""twitter"":null,""linkedin"":""https://www.linkedin.com/in/adamrsaunders/""}]"
Theorem,"San Francisco, CA, USA",The mission of Theorem is to make credit safe and available. We use…,W14,https://ycombinator.com/companies/theorem,http://theoremlp.com,"[{""name"":""Abeer Agrawal"",""role"":""CTO"",""biography"":""Prior to Levro, Abeer was the Co-founder & CTO of Theorem (YC W14), a machine learning enabled hedge fund which he built to over $1bn+ in AUM. Abeer holds degrees in Electrical & Computer Engineering and Computational Finance from Carnegie Mellon University."",""twitter"":""https://twitter.com/abeerag"",""linkedin"":""https://www.linkedin.com/in/abeera/""},{""name"":""Hugh Edmundson"",""role"":""Managing Partner"",""biography"":"""",""twitter"":null,""linkedin"":""https://www.linkedin.com/in/hugh-edmundson-3901612a""}]"
One Degree,"San Francisco, CA, USA",One Degree is a nonprofit organization that makes it easy for…,W14,https://ycombinator.com/companies/one-degree,http://1degree.org,"[{""name"":""Rey Faustino"",""role"":""CEO"",""biography"":""Rey Faustino, founder and CEO of One Degree, is committed to ensuring that everyone has access to the vital, life-saving resources they need to achieve social and economic mobility. Rey launched One Degree to ensure that all families have access to services they need to overcome poverty. Rey began his career as a teacher and later was the site director at BUILD, a college access nonprofit organization that propels low-income minority youth to attain a college education."",""twitter"":""https://twitter.com/reyfaustino"",""linkedin"":""https://www.linkedin.com/in/reyfaustino/""}]"
Emailio,Remote,Email built for wellness,W14,https://ycombinator.com/companies/emailio,http://emailio.com,"[{""name"":""Martin Stoyanov"",""role"":""Founder"",""biography"":null,""twitter"":null,""linkedin"":null},{""name"":""Martin Stoyanov"",""role"":""Founder"",""biography"":null,""twitter"":null,""linkedin"":null}]"
CodeNow,"Chicago, IL, USA",Our mission is to diversify the talent pipeline of students who…,W14,https://ycombinator.com/companies/codenow,http://codenow.org,"[{""name"":""Ryan Seashore"",""role"":""CEO "",""biography"":null,""twitter"":null,""linkedin"":""https://www.linkedin.com/in/seashore/""},{""name"":""Ryan Seashore"",""role"":""CEO "",""biography"":null,""twitter"":null,""linkedin"":""https://www.linkedin.com/in/seashore/""}]"
CodeCombat,"San Francisco, CA, USA",Game that teaches computer science to middle and high school kids.,W14,https://ycombinator.com/companies/codecombat,https://codecombat.com,"[{""name"":""Nick Winter"",""role"":""CEO"",""biography"":""Current: CodeCombat (YC W14), a multiplayer programming game for learning to code.\n\nPreviously: founded Skritter, the power user's app for learning to write Chinese/Japanese characters.\n\nAlso: wrote The Motivation Hacker, a guide to getting yourself to want to do what you've always wanted to want to do.\n\nI'm in the Seattle area and have three kids (2015, 2017, and 2021).\n\nSee more: https://www.nickwinter.net/"",""twitter"":""https://twitter.com/nwinter"",""linkedin"":""http://linkedin.com/in/nwinter""}]"
CareMessage,"San Francisco, CA, USA",Patient engagement using text messaging,W14,https://ycombinator.com/companies/caremessage,http://caremessage.org,"[{""name"":""Vineet Singal"",""role"":""CEO"",""biography"":""Vineet Singal is the Co-Founder and CEO of CareMessage. Previously, he conducted and\npublished peer-reviewed research in molecular biology and epidemiology at the Mount\nSinai School of Medicine and the National Institutes of Health. Vineet has served as a\nstudent representative on the Stanford Board of Trustees and the Stanford Medicine\nCommunity Council and graduated with University Distinction from Stanford."",""twitter"":""https://twitter.com/vineetsingal"",""linkedin"":""https://www.linkedin.com/in/vineetsingal/""},{""name"":""Cecilia Corral"",""role"":""Vice President of Product"",""biography"":""Driven by her experiences growing up in a low-income immigrant household, Cecilia takes a patient-centric approach to product development with a relentless focus on user research. Outside of her work at CareMessage, she is an advocate for Diversity and Inclusion in the tech industry through collecting and publishing data on Latina Tech Founders. Cecilia was on the 2019 Forbes 30 under 30 list for Healthcare and graduated with a B.S. in Product Design Engineering from Stanford University."",""twitter"":""https://twitter.com/ceciliacorral"",""linkedin"":""https://www.linkedin.com/in/ceciliacorral""}]"
Reebee,"Kitchener, ON, Canada",Flyer app.,S13,https://ycombinator.com/companies/reebee,http://reebee.com,"[{""name"":""Michal Martyniak"",""role"":""Founder"",""biography"":null,""twitter"":null,""linkedin"":null},{""name"":""Michal Martyniak"",""role"":""Founder"",""biography"":null,""twitter"":null,""linkedin"":null}]"
One Month,"New York, NY, USA",One Month's affordable online bootcamps teach people how to code in…,S13,https://ycombinator.com/companies/one-month,http://onemonth.com,"[{""name"":""Chris Castiglione"",""role"":""Chris Castiglione"",""biography"":""Co-founder of Console.xyz. Adjunct Professor at Columbia Business School."",""twitter"":""https://twitter.com/castig"",""linkedin"":""http://www.linkedin.com/in/castig""}]"
"Estimote, Inc.","Kraków, Lesser Poland Voivodeship, Poland",Location intelligence platform,S13,https://ycombinator.com/companies/estimote-inc,http://estimote.com,"[{""name"":""Jakub Krzych"",""role"":""CEO"",""biography"":""CEO and Co-Founder of Estimote, Inc., location intelligence platform.\nJakub has graduated Physics and Computer Science on Jagiellonian University in Kraków, Poland. He was the co-founder of AdTaily, ad-tech startup acquired by AGORA - the largest media group in Central Europe. In 2012 he co-founded Estimote, Inc. to pioneer in beacon and location technologies and graduated  Y Combinator in 2013."",""twitter"":""https://twitter.com/jimiasty"",""linkedin"":""https://www.linkedin.com/in/krzych""},{""name"":""Lukasz Kostka"",""role"":""CTO"",""biography"":""Co-Founder & CTO @ Estimote"",""twitter"":""https://twitter.com/ljdk"",""linkedin"":""https://www.linkedin.com/in/lukaszkostka/""}]"
Asseta,"Newport Beach, CA, USA",Marketplace for industrial spare parts and capital equipment.,S13,https://ycombinator.com/companies/asseta,http://www.asseta.com,"[{""name"":""Garrett Beck"",""role"":""Garrett Beck"",""biography"":""Founder of Asseta"",""twitter"":""https://twitter.com/garrettEbeck"",""linkedin"":""https://www.linkedin.com/in/garrett-beck-22022521/""}]"
Per Vices,"Toronto, ON, Canada",Building Mission Critical Software Defined Radio products.,W12,https://ycombinator.com/companies/per-vices,https://www.pervices.com,"[{""name"":""Victor Wollesen"",""role"":""Victor Wollesen"",""biography"":""You can reach me at:\n\nvictor.w@pervices.com"",""twitter"":null,""linkedin"":null},{""name"":""Brandon Malatest"",""role"":""COO"",""biography"":"""",""twitter"":null,""linkedin"":null}]"
7cups,"Virginia Beach, VA, USA",7 Cups is an emotional support service that matches up people that…,S13,https://ycombinator.com/companies/7cups,http://7cups.com,"[{""name"":""Glen Moriarty"",""role"":""Founder "",""biography"":null,""twitter"":null,""linkedin"":""https://www.linkedin.com/in/2pointsomeone""},{""name"":""Glen Moriarty"",""role"":""Founder "",""biography"":null,""twitter"":null,""linkedin"":""https://www.linkedin.com/in/2pointsomeone""}]"
Watsi,"San Francisco, CA, USA",Watsi is the first global crowdfunding platform for medical…,W13,https://ycombinator.com/companies/watsi,https://watsi.org,"[{""name"":""Chase Adam"",""role"":""Chase Adam"",""biography"":""0x5a6e005690b2c9a112e57c728d431c56c57e40d3"",""twitter"":null,""linkedin"":""https://www.linkedin.com/in/chaseadam17""},{""name"":""Grace Garey"",""role"":""Grace Garey"",""biography"":"""",""twitter"":null,""linkedin"":""https://www.linkedin.com/in/gracegarey""}]"
Wevorce,"Bothell, WA, USA",Changing divorce for good by making it a way less horrible experience…,W13,https://ycombinator.com/companies/wevorce,http://wevorce.com,"[{""name"":""Michelle Crosby"",""role"":""CEO "",""biography"":null,""twitter"":null,""linkedin"":""https://www.linkedin.com/in/michelle-crosby-93508a6""},{""name"":""Michelle Crosby"",""role"":""CEO "",""biography"":null,""twitter"":null,""linkedin"":""https://www.linkedin.com/in/michelle-crosby-93508a6""}]"
Wefunder,"San Francisco, CA, USA",We're Robinhood for pre-IPO startups. Everyone can invest $100.,W13,https://ycombinator.com/companies/wefunder,http://wefunder.com,"[{""name"":""Nick Tommarello"",""role"":""CEO"",""biography"":""CEO, Wefunder"",""twitter"":""https://twitter.com/nicktommarello"",""linkedin"":""https://www.linkedin.com/in/nicktommarello/""},{""name"":""Greg Belote"",""role"":""CTO"",""biography"":"""",""twitter"":null,""linkedin"":""https://www.linkedin.com/in/gregbelote/""}]"
SimplyInsured,"San Francisco, CA, USA",We sell health insurance to small businesses 100% online.,W13,https://ycombinator.com/companies/simplyinsured,http://simplyinsured.com,"[{""name"":""Vivek Shah"",""role"":""Founder "",""biography"":null,""twitter"":null,""linkedin"":""https://www.linkedin.com/in/vivekajayshah""},{""name"":""Vivek Shah"",""role"":""Founder "",""biography"":null,""twitter"":null,""linkedin"":""https://www.linkedin.com/in/vivekajayshah""}]"
Experiment,"Honolulu, HI, USA",crowdfunding platform for science,W13,https://ycombinator.com/companies/experiment,http://experiment.com,"[{""name"":""Denny Luan"",""role"":""Denny Luan"",""biography"":""hello"",""twitter"":null,""linkedin"":""https://www.linkedin.com/in/denny-luan-8189b726/""}]"
RADAR,"New York, NY, USA",RADAR is building technology to completely transform the in-store…,W13,https://ycombinator.com/companies/radar,https://goradar.com,"[{""name"":""Spencer Hewett"",""role"":""CEO"",""biography"":null,""twitter"":null,""linkedin"":null},{""name"":""Spencer Hewett"",""role"":""CEO"",""biography"":null,""twitter"":null,""linkedin"":null}]"
Lollipuff,"Mountain View, CA, USA",Online Auctions for Authentic (Women's) Designer Goods,W13,https://ycombinator.com/companies/lollipuff,http://lollipuff.com,"[{""name"":""Fei Deyle"",""role"":""CEO "",""biography"":null,""twitter"":null,""linkedin"":""https://www.linkedin.com/in/fei-deyle-14152910""},{""name"":""Fei Deyle"",""role"":""CEO "",""biography"":null,""twitter"":null,""linkedin"":""https://www.linkedin.com/in/fei-deyle-14152910""}]"
Etleap,"San Francisco, CA, USA",Etleap is an ETL solution for creating perfect data pipelines.,W13,https://ycombinator.com/companies/etleap,https://etleap.com,"[{""name"":""Christian Romming"",""role"":""CEO "",""biography"":null,""twitter"":null,""linkedin"":""https://www.linkedin.com/in/cromming""},{""name"":""Christian Romming"",""role"":""CEO "",""biography"":null,""twitter"":null,""linkedin"":""https://www.linkedin.com/in/cromming""}]"
Cheetah,"San Francisco, CA, USA","Fastest, easiest, and most affordable way for small business owners…",W13,https://ycombinator.com/companies/cheetah,http://gocheetah.com,"[{""name"":""Na'ama Moran"",""role"":""CEO "",""biography"":null,""twitter"":null,""linkedin"":""https://www.linkedin.com/in/naamamoran/""},{""name"":""Na'ama Moran"",""role"":""CEO "",""biography"":null,""twitter"":null,""linkedin"":""https://www.linkedin.com/in/naamamoran/""}]"
Padlet,"San Francisco, CA, USA",Papyrus → Parchment → Paper → Padlet,W13,https://ycombinator.com/companies/padlet,https://padlet.com,"[{""name"":""Nitesh Goel"",""role"":""CEO "",""biography"":null,""twitter"":null,""linkedin"":""https://www.linkedin.com/in/doodlebug""},{""name"":""Nitesh Goel"",""role"":""CEO "",""biography"":null,""twitter"":null,""linkedin"":""https://www.linkedin.com/in/doodlebug""}]"
CircuitLab,"Redwood City, CA, USA",Online circuit simulator and electronic schematic editor.,W13,https://ycombinator.com/companies/circuitlab,https://www.circuitlab.com/,"[{""name"":""Humberto Evans"",""role"":""Software Engineer "",""biography"":null,""twitter"":null,""linkedin"":""https://www.linkedin.com/in/humbertoevans""},{""name"":""Humberto Evans"",""role"":""Software Engineer "",""biography"":null,""twitter"":null,""linkedin"":""https://www.linkedin.com/in/humbertoevans""}]"
9gag,"Hong Kong, Hong Kong",Make the world happier.,S12,https://ycombinator.com/companies/9gag,http://9gag.com,"[{""name"":""Ray Chan"",""role"":""CEO "",""biography"":null,""twitter"":null,""linkedin"":""https://linkedin.com/in/raychan""},{""name"":""Ray Chan"",""role"":""CEO "",""biography"":null,""twitter"":null,""linkedin"":""https://linkedin.com/in/raychan""}]"
